Rk,Player,Tm,FantPos,Age,G,GS,Cmp,Att,Yds,TD,Int,Att,Yds,Y/A,TD,Tgt,Rec,Yds,Y/R,TD,Fmb,FL,TD,2PM,2PP,FantPt,PPR,DKPt,FDPt,VBD,PosRank,OvRank
1,Jonathan Taylor*,IND,RB,26,17,17,0,0,0,0,0,323,1585,4.91,18,55,46,378,8.22,2,2,1,20,1,,316,362.3,369.3,339.3,158,1,1
2,Christian McCaffrey*+,SFO,RB,29,17,17,0,1,0,0,0,311,1202,3.86,10,129,102,924,9.06,7,2,0,17,,,315,416.6,422.6,365.6,157,2,2
3,Bijan Robinson*+,ATL,RB,23,17,17,0,0,0,0,0,287,1478,5.15,7,103,79,820,10.38,4,4,3,11,1,,292,370.8,379.8,331.3,135,3,3
4,Jahmyr Gibbs*,DET,RB,23,17,17,0,0,0,0,0,243,1223,5.03,13,94,77,616,8,5,2,1,18,,,290,366.9,373.9,328.4,133,4,4
5,Puka Nacua*+,LAR,WR,24,16,15,0,0,0,0,0,10,105,10.5,1,166,129,1715,13.29,10,1,1,11,,,246,375,382,310.5,121,1,5
6,Jaxon Smith-Njigba*+,SEA,WR,23,17,17,0,0,0,0,0,7,36,5.14,0,163,119,1793,15.07,10,3,1,10,,,241,359.9,363.9,300.4,116,2,6
7,James Cook*,BUF,RB,26,17,17,0,0,0,0,0,309,1621,5.25,12,40,33,291,8.82,2,6,3,14,,,269,302.2,311.2,285.7,114,5,7
8,Derrick Henry,BAL,RB,31,17,17,0,1,0,0,0,307,1595,5.2,16,21,15,150,10,0,4,3,16,,,265,279.5,288.5,272,109,6,8
9,De'Von Achane*,MIA,RB,24,16,16,0,0,0,0,0,238,1350,5.67,8,85,67,488,7.28,4,1,0,12,,,256,322.8,328.8,289.3,101,7,9
10,Josh Allen*,BUF,QB,29,17,17,319,460,3668,25,10,112,579,5.17,14,0,0,0,,0,7,3,14,,1,365,364.6,383.6,374.6,87,1,10
11,Amon-Ra St. Brown*,DET,WR,26,17,17,0,0,0,0,0,3,9,3,0,172,117,1401,11.97,11,1,0,11,,,207,324,327,265.5,84,3,11
12,Trey McBride*+,ARI,TE,26,17,17,0,0,0,0,0,0,0,,0,169,126,1239,9.83,11,0,0,11,,,190,315.9,318.9,252.9,82,1,12
13,George Pickens*,DAL,WR,24,17,15,0,0,0,0,0,0,0,,0,137,93,1429,15.37,9,4,0,9,1,,199,291.9,294.9,245.4,77,4,13
14,Drake Maye*,NWE,QB,23,17,17,354,492,4394,31,8,103,450,4.37,4,1,1,2,2,0,8,3,4,1,1,351,352,369,359.5,74,2,14
15,Matthew Stafford*+,LAR,QB,37,17,17,388,597,4707,46,8,29,1,0.03,0,0,0,0,,0,7,3,0,,,350,350.4,364.4,358.4,74,3,15
16,Kyren Williams,LAR,RB,25,17,17,0,0,0,0,0,259,1252,4.83,10,50,36,281,7.81,3,2,2,13,,,227,263.3,271.3,245.3,74,8,16
17,Ja'Marr Chase*+,CIN,WR,25,16,16,0,0,0,0,0,3,14,4.67,0,185,125,1412,11.3,8,1,1,8,,,189,313.6,317.6,251.1,67,5,17
18,Travis Etienne,JAX,RB,26,17,16,0,0,0,0,0,260,1107,4.26,7,52,36,292,8.11,6,1,0,13,,,218,253.9,259.9,235.9,66,9,18
19,Trevor Lawrence,JAX,QB,26,17,17,341,560,4007,29,12,82,359,4.38,9,0,0,0,,0,5,3,9,1,,338,338.2,359.2,350.2,62,4,19
20,Chase Brown,CIN,RB,25,17,17,0,0,0,0,0,232,1019,4.39,6,88,69,437,6.33,5,2,0,11,1,,214,282.6,288.6,248.1,61,10,20
21,Javonte Williams,DAL,RB,25,16,16,0,0,0,0,0,252,1201,4.77,11,51,35,137,3.91,2,2,2,13,,,208,242.8,250.8,225.3,56,11,21
22,Josh Jacobs,GNB,RB,27,15,15,0,0,0,0,0,234,929,3.97,13,44,36,282,7.83,1,3,2,14,,,201,237.1,245.1,219.1,50,12,22
23,Chris Olave,NOR,WR,25,16,16,0,1,0,0,1,1,-3,-3,0,156,100,1163,11.63,9,0,0,9,,,168,268,272,219,48,6,23
24,D'Andre Swift,CHI,RB,26,16,16,0,0,0,0,0,223,1087,4.87,9,48,34,299,8.79,1,2,2,10,,,195,228.6,236.6,211.6,44,14,24
25,Saquon Barkley,PHI,RB,28,16,16,0,0,0,0,0,280,1140,4.07,7,50,37,273,7.38,2,1,1,9,1,,195,232.3,239.3,213.8,44,13,25
26,Davante Adams,LAR,WR,33,14,14,0,0,0,0,0,0,0,,0,114,60,789,13.15,14,0,0,14,,,163,222.9,225.9,192.9,43,7,26
27,Caleb Williams,CHI,QB,24,17,17,330,568,3942,27,7,77,388,5.04,3,2,2,22,11,1,9,1,4,,1,317,318.7,332.7,324.7,42,5,27
28,Dak Prescott*,DAL,QB,32,17,17,404,600,4552,30,10,53,177,3.34,2,0,0,0,,0,6,2,2,,3,314,313.8,331.8,323.8,39,6,28
29,Ashton Jeanty,LVR,RB,22,17,17,0,0,0,0,0,266,975,3.67,5,73,55,346,6.29,5,2,1,10,,,190,245.1,252.1,217.6,39,15,29
30,Zay Flowers*,BAL,WR,25,17,17,0,0,0,0,0,10,62,6.2,1,118,86,1211,14.08,5,3,3,6,,,157,243.3,249.3,200.3,37,8,30
31,Nico Collins*,HOU,WR,26,15,15,0,0,0,0,0,2,15,7.5,1,120,71,1117,15.73,6,1,1,7,1,,155,226.2,230.2,190.7,35,9,31
32,Jameson Williams,DET,WR,24,17,15,0,0,0,0,0,6,12,2,0,102,65,1117,17.18,7,0,0,7,,,155,219.9,222.9,187.4,35,10,32
33,Tee Higgins*,CIN,WR,26,15,14,0,0,0,0,0,0,0,,0,98,59,846,14.34,11,0,0,11,1,,153,211.6,214.6,182.1,33,11,33
34,Bo Nix,DEN,QB,25,17,17,388,612,3931,25,11,83,356,4.29,5,1,0,0,,0,4,2,5,,4,305,304.8,323.8,315.8,31,7,34
35,Rico Dowdle,CAR,RB,27,17,11,0,0,0,0,0,236,1076,4.56,6,50,39,297,7.62,1,2,1,7,,,177,216.3,223.3,196.8,27,16,35
36,Jaylen Warren,PIT,RB,27,16,15,0,0,0,0,0,211,958,4.54,6,45,40,333,8.33,2,1,0,8,,,177,217.1,223.1,197.1,27,17,36
37,Courtland Sutton*,DEN,WR,30,17,16,0,0,0,0,0,0,0,,0,124,74,1017,13.74,7,0,0,7,1,,146,219.7,222.7,182.7,27,12,37
38,Jalen Hurts*,PHI,QB,27,16,16,294,454,3224,25,6,105,421,4.01,8,0,0,0,,0,8,4,8,,,299,299.1,315.1,305.1,26,8,38
39,Jared Goff*,DET,QB,31,17,17,393,578,4564,34,8,19,45,2.37,0,0,0,0,,0,6,5,0,,,297,297.1,313.1,305.1,24,9,39
40,Michael Wilson,ARI,WR,25,17,13,0,0,0,0,0,0,0,,0,126,78,1006,12.9,7,0,0,7,,,143,220.6,223.6,181.6,24,13,40
41,A.J. Brown,PHI,WR,28,15,15,0,0,0,0,0,0,0,,0,121,78,1003,12.86,7,0,0,7,,,142,220.3,223.3,181.3,23,14,41
42,Breece Hall,NYJ,RB,24,16,16,1,1,4,1,0,243,1065,4.38,4,48,36,350,9.72,1,2,2,5,,,172,207.7,215.7,189.7,22,18,42
43,TreVeyon Henderson,NWE,RB,23,17,4,0,0,0,0,0,180,911,5.06,9,42,35,221,6.31,1,1,1,10,,,171,206.2,213.2,188.7,22,19,43
44,Tetairoa McMillan,CAR,WR,22,17,17,0,0,0,0,0,0,0,,0,122,70,1014,14.49,7,1,1,7,,,141,211.4,215.4,176.4,22,15,44
45,Dallas Goedert,PHI,TE,30,15,15,0,0,0,0,0,0,0,,0,82,60,591,9.85,11,0,0,11,,,125,185.1,188.1,155.1,21,2,45
46,Kyle Pitts,ATL,TE,25,17,17,0,0,0,0,0,0,0,,0,118,88,928,10.55,5,0,0,5,,,123,210.8,213.8,166.8,19,3,46
47,Alec Pierce,IND,WR,25,15,14,0,0,0,0,0,0,0,,0,84,47,1003,21.34,6,0,0,6,,,136,183.3,186.3,159.8,18,16,47
48,Drake London,ATL,WR,24,12,12,0,0,0,0,0,0,0,,0,112,68,919,13.51,7,1,1,7,1,,134,201.9,205.9,167.9,15,17,48
49,Hunter Henry,NWE,TE,31,17,17,0,0,0,0,0,0,0,,0,87,60,768,12.8,7,0,0,7,,,119,178.8,181.8,148.8,15,4,49
50,Justin Herbert*,LAC,QB,27,16,16,340,512,3727,26,13,83,498,6,2,0,0,0,,0,7,2,2,1,,287,286.9,307.9,299.9,14,10,50
51,Emeka Egbuka,TAM,WR,23,17,13,0,0,0,0,0,2,9,4.5,0,127,63,938,14.89,6,0,0,6,1,,133,195.7,198.7,164.2,14,18,51
52,Travis Kelce*,KAN,TE,36,17,17,0,0,0,0,0,1,1,1,0,108,76,851,11.2,5,1,0,5,1,,117,193.2,196.2,155.2,13,5,52
53,Patrick Mahomes,KAN,QB,30,14,14,315,502,3587,22,11,64,422,6.59,5,1,1,-10,-10,0,3,0,5,,2,285,285.7,302.7,296.2,12,11,53
54,Zach Charbonnet,SEA,RB,24,16,0,0,0,0,0,0,184,730,3.97,12,24,20,144,7.2,0,0,0,12,1,,161,181.4,187.4,171.4,12,20,54
55,Kenneth Walker III,SEA,RB,25,17,17,0,0,0,0,0,221,1027,4.65,5,36,31,282,9.1,0,1,0,5,,,161,191.9,197.9,176.4,12,21,55
56,Jaylen Waddle,MIA,WR,27,16,16,1,1,8,0,0,2,28,14,0,100,64,910,14.22,6,1,0,6,,,130,194.1,197.1,162.1,12,19,56
57,RJ Harvey,DEN,RB,24,17,7,0,1,0,0,0,146,540,3.7,7,58,47,356,7.57,5,1,1,12,,,160,206.6,213.6,183.1,11,22,57
58,Harold Fannin,CLE,TE,21,16,13,0,0,0,0,0,7,13,1.86,1,107,72,731,10.15,6,1,1,7,,,114,186.4,190.4,150.4,11,6,58
59,D.K. Metcalf,PIT,WR,28,15,15,0,0,0,0,0,2,12,6,1,99,59,850,14.41,6,0,0,7,,,128,187.2,190.2,157.7,10,20,59
60,Parker Washington,JAX,WR,23,16,7,0,0,0,0,0,7,0,0,0,95,58,847,14.6,5,2,0,7,,,127,184.7,187.7,155.7,9,21,60
61,Tyler Warren*,IND,TE,23,17,12,0,1,0,0,0,6,8,1.33,1,112,76,817,10.75,4,1,0,5,,,113,188.5,191.5,150.5,9,7,61
62,Brock Bowers*,LVR,TE,23,12,8,0,0,0,0,0,2,2,1,0,86,64,680,10.63,7,0,0,7,1,,112,176.2,179.2,144.2,9,8,62
63,CeeDee Lamb*,DAL,WR,26,14,13,0,0,0,0,0,1,2,2,0,117,75,1077,14.36,3,0,0,3,,,126,200.9,203.9,163.4,8,22,63
64,Wan'Dale Robinson,NYG,WR,24,16,15,0,0,0,0,0,3,5,1.67,0,140,92,1014,11.02,4,1,0,4,,,126,217.9,220.9,171.9,8,23,64
65,Stefon Diggs,NWE,WR,32,17,17,0,0,0,0,0,0,0,,0,102,85,1013,11.92,4,0,0,4,,,125,210.3,213.3,167.8,7,24,65
66,DeVonta Smith,PHI,WR,27,17,16,0,0,0,0,0,0,0,,0,113,77,1008,13.09,4,0,0,4,,,125,201.8,204.8,163.3,7,25,66
67,Michael Pittman Jr.,IND,WR,28,17,16,0,0,0,0,0,0,0,,0,111,80,784,9.8,7,0,0,7,1,,122,202.4,205.4,162.4,5,26,67
68,Tony Pollard,TEN,RB,28,17,17,0,0,0,0,0,242,1082,4.47,5,41,33,206,6.24,0,4,3,5,,,153,185.8,194.8,169.3,4,23,68
69,Colston Loveland,CHI,TE,21,16,11,0,0,0,0,0,1,-2,-2,0,82,58,713,12.29,6,0,0,6,,,107,165.1,168.1,136.1,4,9,69
70,Quentin Johnston,LAC,WR,24,14,10,0,0,0,0,0,2,7,3.5,0,84,51,735,14.41,8,1,1,8,,,120,171.2,175.2,145.7,3,27,70
71,D.J. Moore,CHI,WR,28,17,17,1,1,2,1,0,15,79,5.27,1,85,50,682,13.64,6,1,1,7,,,120,170.2,174.2,145.2,3,28,71
72,Jake Ferguson*,DAL,TE,26,17,10,0,0,0,0,0,1,1,1,0,102,82,600,7.32,8,3,2,8,1,,106,188.1,193.1,147.1,3,10,72
73,George Kittle*,SFO,TE,32,11,11,0,0,0,0,0,1,-3,-3,0,69,57,628,11.02,7,0,0,7,,,105,161.5,164.5,133,2,11,73
74,Jauan Jennings,SFO,WR,28,15,15,0,0,0,0,0,0,0,,0,90,55,643,11.69,9,1,1,9,1,,118,173.3,177.3,145.8,1,29,74
75,Baker Mayfield,TAM,QB,30,17,17,343,543,3693,26,11,55,382,6.95,1,0,0,0,,0,11,3,1,,2,272,271.9,291.9,282.9,,12,75
76,Jaxson Dart,NYG,QB,22,14,12,216,339,2272,15,5,86,487,5.66,9,0,0,0,,0,5,2,9,,1,242,241.6,254.6,246.6,,13,76
77,Jordan Love,GNB,QB,27,15,15,291,439,3381,23,6,47,199,4.23,0,0,0,0,,0,7,2,0,,2,235,235.1,249.1,241.1,,15,77
78,Sam Darnold*,SEA,QB,28,17,17,323,477,4048,25,14,35,95,2.71,0,0,0,0,,0,11,6,0,,2,235,235.4,258.4,249.4,,14,78
79,Jacoby Brissett,ARI,QB,33,14,12,315,485,3366,23,8,38,168,4.42,1,0,0,0,,0,5,4,1,,1,227,227.4,245.4,235.4,,16,
80,Daniel Jones,IND,QB,28,13,13,261,384,3101,19,8,45,164,3.64,5,0,0,0,,0,9,3,5,,1,226,226.4,243.4,234.4,,17,
81,Aaron Rodgers,PIT,QB,42,16,16,327,498,3322,24,7,21,61,2.9,1,1,1,-9,-9,0,4,1,1,,1,226,227.1,238.1,233.6,,18,
82,Bryce Young,CAR,QB,24,16,16,304,478,3011,23,11,54,216,4,2,0,0,0,,0,7,4,2,,1,218,218,239,229,,19,
83,Lamar Jackson,BAL,QB,28,13,13,192,302,2549,21,7,67,349,5.21,2,0,0,0,,0,7,3,2,,1,215,214.9,230.9,221.9,,20,
84,C.J. Stroud,HOU,QB,24,14,14,273,423,3041,19,8,48,209,4.35,1,0,0,0,,0,2,0,1,,,209,208.5,222.5,216.5,,21,
85,Cam Ward,TEN,QB,23,17,17,323,540,3169,15,7,39,159,4.08,2,0,0,0,,0,11,7,2,,,187,186.7,206.7,193.7,,22,
86,Brock Purdy,SFO,QB,26,9,9,197,284,2167,20,10,33,147,4.45,3,0,0,0,,0,3,2,3,,1,177,177.4,195.4,187.4,,23,
87,Geno Smith,LVR,QB,35,15,15,302,448,3025,19,17,41,109,2.66,0,0,0,0,,0,4,1,0,,1,174,173.9,197.9,190.9,,24,
88,Tua Tagovailoa,MIA,QB,27,14,14,260,384,2660,20,15,20,43,2.15,0,0,0,0,,0,8,1,0,,1,161,160.7,179.7,175.7,,25,
89,Tyler Shough,NOR,QB,26,11,9,221,327,2384,10,6,45,186,4.13,3,0,0,0,,0,3,2,3,1,,158,158,172,164,,26,
90,Kenneth Gainwell,PIT,RB,26,17,2,0,0,0,0,0,114,537,4.71,5,85,73,486,6.66,3,2,1,8,,,148,221.3,228.3,184.8,,24,
91,Joe Flacco*,2TM,QB,40,13,10,251,416,2479,15,10,21,35,1.67,1,0,0,0,,0,3,3,1,,2,147,146.7,162.7,156.7,,27,
92,Rhamondre Stevenson,NWE,RB,27,14,13,0,0,0,0,0,130,603,4.64,7,37,32,345,10.78,2,3,3,9,2,,147,178.8,187.8,162.8,,25,
93,Quinshon Judkins,CLE,RB,22,14,14,0,0,0,0,0,230,827,3.6,7,36,26,171,6.58,0,0,0,7,1,,144,169.8,175.8,156.8,,26,
94,Justin Fields,NYJ,QB,26,9,9,128,204,1259,7,1,71,383,5.39,4,1,0,0,,0,4,3,4,2,3,143,142.7,152.7,143.7,,28,
95,David Montgomery,DET,RB,28,17,0,1,2,3,1,0,158,716,4.53,8,29,24,192,8,0,2,1,8,1,,143,166.9,173.9,154.9,,27,
96,Joe Burrow*,CIN,QB,29,8,8,173,259,1809,17,5,14,41,2.93,0,0,0,0,,0,0,0,0,,,134,134.5,142.5,139.5,,29,
97,Jacory Croskey-Merritt,WAS,RB,24,17,7,0,0,0,0,0,175,805,4.6,8,13,9,68,7.56,0,4,2,8,,,131,140.3,145.3,135.8,,28,
98,Mac Jones,SFO,QB,27,11,8,201,289,2151,13,6,36,60,1.67,0,0,0,0,,0,4,2,0,,1,130,130,141,136,,30,
99,Kyle Monangai,CHI,RB,23,17,1,0,0,0,0,0,169,783,4.63,5,30,18,164,9.11,0,0,0,5,2,,129,146.7,152.7,137.7,,29,
100,Kareem Hunt,KAN,RB,30,17,4,0,0,0,0,0,163,611,3.75,8,25,18,143,7.94,1,2,1,9,,,127,145.4,152.4,136.4,,30,
101,Woody Marks,HOU,RB,25,16,8,0,0,0,0,0,196,703,3.59,2,36,24,208,8.67,3,1,0,6,,,127,151.1,157.1,139.1,,31,
102,Marcus Mariota,WAS,QB,32,11,8,139,227,1695,10,7,50,297,5.94,1,0,0,0,,0,6,3,1,,1,126,125.5,141.5,132.5,,31,
103,J.J. McCarthy,MIN,QB,22,10,10,140,243,1632,11,12,37,181,4.89,4,0,0,0,,0,6,2,4,,1,125,125.4,145.4,137.4,,32,
104,Tyrone Tracy Jr.,NYG,RB,26,15,11,0,0,0,0,0,176,740,4.2,2,48,36,288,8,2,1,1,4,,,125,160.8,167.8,142.8,,32,
105,Michael Penix,ATL,QB,25,9,9,166,276,1982,9,3,21,70,3.33,1,0,0,0,,0,4,2,1,,1,120,120.3,128.3,123.3,,33,
106,Justin Jefferson,MIN,WR,26,17,17,0,0,0,0,0,2,7,3.5,0,141,84,1048,12.48,2,0,0,2,,,118,201.5,204.5,159.5,,30,
107,Deebo Samuel,WAS,WR,29,16,12,0,0,0,0,0,17,75,4.41,1,99,72,727,10.1,5,3,0,6,,,116,188.2,191.2,152.2,,31,
108,Jordan Mason,MIN,RB,26,16,5,0,0,0,0,0,159,758,4.77,6,16,14,51,3.64,0,3,1,6,,,115,128.9,132.9,121.9,,33,
109,Ladd McConkey,LAC,WR,24,16,12,0,0,0,0,0,0,0,,0,106,66,789,11.95,6,0,0,6,,,115,180.9,183.9,147.9,,32,
110,Blake Corum,LAR,RB,25,17,0,0,0,0,0,0,145,746,5.14,6,14,8,36,4.5,0,0,0,6,,,114,122.2,125.2,118.2,,34,
111,Jayden Daniels,WAS,QB,25,7,7,114,188,1262,8,3,58,278,4.79,2,0,0,0,,0,3,2,2,,1,114,114.3,125.3,117.3,,34,
112,Troy Franklin,DEN,WR,22,17,7,0,0,0,0,0,5,12,2.4,0,104,65,709,10.91,6,1,1,6,3,,112,177.1,181.1,144.6,,33,
113,Romeo Doubs,GNB,WR,25,16,15,0,0,0,0,0,0,0,,0,85,55,724,13.16,6,1,0,6,1,,110,165.4,168.4,137.9,,34,
114,Tyler Allgeier,ATL,RB,25,17,2,0,0,0,0,0,143,514,3.59,8,16,14,96,6.86,0,0,0,8,,,109,123,126,116,,35,
115,Bucky Irving,TAM,RB,23,10,9,0,0,0,0,0,173,588,3.4,1,35,30,277,9.23,3,1,1,4,,,109,138.5,145.5,123.5,,36,
116,J.K. Dobbins,DEN,RB,27,10,9,0,0,0,0,0,153,772,5.05,4,14,11,37,3.36,0,0,0,4,,,105,115.9,118.9,110.4,,37,
117,Tre Tucker,LVR,WR,24,17,17,0,0,0,0,0,11,51,4.64,0,92,57,696,12.21,5,0,0,5,,,105,161.7,164.7,133.2,,35,
118,Kirk Cousins,ATL,QB,37,10,8,166,269,1721,10,5,14,7,0.5,1,0,0,0,,0,3,1,1,,,104,103.5,112.5,108.5,,35,
119,Omarion Hampton,LAC,RB,22,9,6,0,0,0,0,0,124,545,4.4,4,35,32,192,6,1,1,0,5,,,104,135.7,141.7,119.7,,38,
120,Cam Skattebo,NYG,RB,23,8,5,0,0,0,0,0,101,410,4.06,5,32,24,207,8.63,2,1,1,7,1,,104,127.7,134.7,115.7,,39,
121,Juwan Johnson,NOR,TE,29,17,10,0,0,0,0,0,0,0,,0,102,77,889,11.55,3,2,2,3,,,103,179.9,184.9,141.4,,12,
122,Rachaad White,TAM,RB,26,17,8,0,0,0,0,0,132,572,4.33,4,45,40,218,5.45,0,0,0,4,,,103,143,149,123,,40,
123,Keenan Allen,LAC,WR,33,17,3,0,0,0,0,0,0,0,,0,122,81,777,9.59,4,2,0,4,,,102,182.7,185.7,142.2,,37,
124,Rome Odunze,CHI,WR,23,12,12,0,0,0,0,0,0,0,,0,90,44,661,15.02,6,0,0,6,,,102,146.1,149.1,124.1,,36,
125,Kimani Vidal,LAC,RB,24,13,10,0,0,0,0,0,155,643,4.15,3,22,16,136,8.5,1,1,0,4,,,102,117.9,123.9,109.9,,41,
126,Jakobi Meyers,2TM,WR,29,16,13,0,0,0,0,0,5,13,2.6,0,110,75,835,11.13,3,1,1,3,,,101,175.8,179.8,138.3,,38,
127,Spencer Rattler,NOR,QB,25,9,8,174,257,1586,8,5,31,167,5.39,0,2,1,0,0,0,4,2,0,,,98,99.1,112.1,103.6,,36,
128,Rashid Shaheed*,2TM,WR,27,18,13,0,0,0,0,0,9,69,7.67,0,92,59,687,11.64,2,2,1,4,,,98,156.6,160.6,127.1,,39,
129,Rashee Rice,KAN,WR,25,8,8,0,0,0,0,0,5,20,4,1,78,53,571,10.77,5,2,0,6,1,,97,150.1,153.1,123.6,,41,
130,Christian Watson,GNB,WR,26,10,10,0,0,0,0,0,1,3,3,0,55,35,611,17.46,6,0,0,6,,,97,132.4,135.4,114.9,,40,
131,Dalton Schultz,HOU,TE,29,17,6,0,0,0,0,0,0,0,,0,106,82,777,9.48,3,1,0,3,,,96,177.7,180.7,136.7,,13,
132,AJ Barner,SEA,TE,23,17,17,0,0,0,0,0,10,14,1.4,1,68,52,519,9.98,6,2,0,7,,,95,147.3,150.3,121.3,,14,
133,Chuba Hubbard,CAR,RB,26,15,6,0,0,0,0,0,134,511,3.81,1,39,30,223,7.43,3,1,1,4,,,95,125.4,132.4,110.4,,42,
134,Khalil Shakir,BUF,WR,25,16,10,0,0,0,0,0,1,5,5,0,95,72,719,9.99,4,1,1,4,,,94,166.4,170.4,130.4,,42,
135,Jordan Addison,MIN,WR,23,14,12,0,0,0,0,0,2,81,40.5,1,79,42,610,14.52,3,0,0,4,,,93,135.1,138.1,114.1,,43,
136,Kayshon Boutte,NWE,WR,23,14,10,0,0,0,0,0,0,0,,0,46,33,551,16.7,6,0,0,6,,,91,124.1,127.1,107.6,,44,
137,Aaron Jones,MIN,RB,31,12,12,0,0,0,0,0,132,548,4.15,2,41,28,199,7.11,1,2,1,3,,,91,118.7,125.7,104.7,,44,
138,Devin Singletary,NYG,RB,28,17,1,0,0,0,0,0,119,437,3.67,5,19,18,151,8.39,0,0,0,5,,1,91,108.8,114.8,99.8,,43,
139,Brian Thomas,JAX,WR,23,14,14,0,0,0,0,0,3,21,7,1,91,48,707,14.73,2,0,0,3,,,91,138.8,141.8,114.8,,45,
140,Marquise Brown,KAN,WR,28,16,6,0,0,0,0,0,0,0,,0,74,49,587,11.98,5,1,0,5,,,89,137.7,140.7,113.2,,46,
141,Jayden Higgins,HOU,WR,23,17,10,0,0,0,0,0,0,0,,0,68,41,525,12.8,6,0,0,6,,,89,129.5,132.5,109,,47,
142,Chris Rodriguez,WAS,RB,25,13,7,0,0,0,0,0,112,500,4.46,6,4,3,30,10,0,0,0,6,,,89,92,95,90.5,,45,
143,Marvin Harrison Jr.,ARI,WR,23,12,10,0,0,0,0,0,0,0,,0,73,41,608,14.83,4,0,0,4,1,,87,127.8,130.8,107.3,,48,
144,Dalton Kincaid*,BUF,TE,26,12,4,0,0,0,0,0,0,0,,0,49,39,571,14.64,5,1,0,5,,,87,126.1,129.1,106.6,,15,
145,Colby Parkinson,LAR,TE,26,15,10,0,0,0,0,0,0,0,,0,56,43,408,9.49,8,1,1,8,,,87,129.8,133.8,108.3,,16,
146,Tucker Kraft,GNB,TE,25,8,8,0,0,0,0,0,1,3,3,0,44,32,489,15.28,6,0,0,6,,,85,117.2,120.2,101.2,,17,
147,Shedeur Sanders*,CLE,QB,23,8,7,120,212,1400,7,10,21,169,8.05,1,0,0,0,,0,2,1,1,,,85,84.9,101.9,94.9,,37,
148,Mark Andrews,BAL,TE,30,17,11,0,0,0,0,0,10,48,4.8,1,70,48,422,8.79,5,1,0,6,,,83,131,134,107,,18,
149,Theo Johnson,NYG,TE,24,15,15,0,0,0,0,0,0,0,,0,74,45,528,11.73,5,0,0,5,,,83,127.8,130.8,105.3,,19,
150,Sean Tucker,TAM,RB,24,17,0,0,0,0,0,0,86,320,3.72,7,11,8,34,4.25,1,2,0,8,,,83,91.4,94.4,87.4,,46,
151,Oronde Gadsden II,LAC,TE,22,15,7,0,0,0,0,0,0,0,,0,69,49,664,13.55,3,1,1,3,,,82,131.4,135.4,106.9,,20,
152,Luther Burden,CHI,WR,22,15,5,0,0,0,0,0,6,37,6.17,0,60,47,652,13.87,2,0,0,2,,,81,127.9,130.9,104.4,,49,
153,Emanuel Wilson,GNB,RB,26,17,2,0,0,0,0,0,125,496,3.97,3,17,15,99,6.6,0,1,0,3,1,,80,94.5,97.5,87,,47,
154,Bhayshul Tuten,JAX,RB,22,15,0,0,0,0,0,0,83,307,3.7,5,14,10,79,7.9,2,2,1,7,,,79,88.6,92.6,83.6,,48,
155,Chimere Dike*+,TEN,WR,24,17,10,0,0,0,0,0,11,18,1.64,0,74,48,423,8.81,4,2,1,6,,,78,126.1,130.1,102.1,,51,
156,Josh Downs,IND,WR,24,16,11,0,0,0,0,0,2,-2,-1,0,88,58,566,9.76,4,1,1,4,,,78,136.4,140.4,107.4,,50,
157,Kyler Murray,ARI,QB,28,5,5,110,161,962,6,3,29,173,5.97,1,0,0,0,,0,1,1,1,,,78,77.8,87.8,80.8,,38,
158,Elic Ayomanor,TEN,WR,22,16,14,0,0,0,0,0,0,0,,0,89,41,515,12.56,4,0,0,4,,,76,116.5,119.5,96,,53,
159,Zach Ertz,WAS,TE,35,13,13,0,0,0,0,0,0,0,,0,72,50,504,10.08,4,1,0,4,1,,76,126.4,129.4,101.4,,21,
160,Ty Johnson,BUF,RB,28,17,0,0,0,0,0,0,50,200,4,3,33,24,263,10.96,2,1,0,5,,,76,100.3,106.3,88.3,,49,
161,Terry McLaurin,WAS,WR,30,10,10,0,0,0,0,0,0,0,,0,60,38,582,15.32,3,0,0,3,,,76,114.2,117.2,95.2,,52,
162,Nick Chubb,HOU,RB,30,15,9,0,0,0,0,0,122,506,4.15,3,20,13,67,5.15,0,0,0,3,,,75,88.3,91.3,81.8,,50,
163,Ryan Flournoy,DAL,WR,26,16,4,0,0,0,0,0,4,25,6.25,0,56,40,475,11.88,4,0,0,4,,,74,114,117,94,,54,
164,Pat Freiermuth,PIT,TE,27,17,8,0,0,0,0,0,0,0,,0,54,41,486,11.85,4,0,0,4,,,73,113.6,116.6,93.1,,22,
165,Jalen Nailor,MIN,WR,26,17,8,0,0,0,0,0,2,13,6.5,0,53,29,444,15.31,4,0,0,4,1,,72,100.7,103.7,86.2,,55,
166,Brenton Strange,JAX,TE,25,12,12,0,0,0,0,0,0,0,,0,60,46,540,11.74,3,0,0,3,,,72,118,121,95,,23,
167,Jerry Jeudy,CLE,WR,26,17,16,0,0,0,0,0,1,5,5,0,106,50,602,12.04,2,1,1,2,,,71,120.7,124.7,95.7,,56,
168,Zonovan Knight,ARI,RB,24,12,8,0,0,0,0,0,82,269,3.28,4,31,22,160,7.27,1,1,1,5,,,71,92.9,99.9,81.9,,51,
169,Malik Washington,MIA,WR,24,17,6,0,0,0,0,0,17,110,6.47,1,65,46,317,6.89,3,1,1,5,,,71,116.7,123.7,93.7,,57,
170,Dillon Gabriel,CLE,QB,25,10,6,110,185,937,7,2,14,86,6.14,0,0,0,0,,0,0,0,0,,,70,70.1,75.1,72.1,,40,
171,Carson Wentz,MIN,QB,33,5,5,110,169,1216,6,5,11,57,5.18,0,0,0,0,,0,3,0,0,,1,70,70.3,78.3,75.3,,39,
172,Cooper Kupp,SEA,WR,32,16,15,0,1,0,0,1,0,0,,0,70,47,593,12.62,2,1,1,2,1,,69,116.3,121.3,93.8,,58,
173,Davis Mills,HOU,QB,27,6,3,91,159,915,5,1,13,60,4.62,1,0,0,0,,0,1,0,1,,1,69,68.6,72.6,69.6,,41,
174,Alvin Kamara,NOR,RB,30,11,11,0,0,0,0,0,131,471,3.6,1,39,33,186,5.64,0,2,2,1,,,68,100.7,108.7,84.2,,53,
175,Dawson Knox,BUF,TE,29,17,12,0,0,0,0,0,0,0,,0,49,36,417,11.58,4,0,0,4,1,,68,103.7,106.7,85.7,,25,
176,Chig Okonkwo,TEN,TE,26,17,12,0,0,0,0,0,0,0,,0,79,56,560,10,2,0,0,2,,,68,124,127,96,,24,
177,Isiah Pacheco,KAN,RB,26,13,12,0,0,0,0,0,118,462,3.92,1,26,19,101,5.32,1,0,0,2,,,68,87.3,93.3,77.8,,52,
178,Xavier Worthy,KAN,WR,22,14,13,0,0,0,0,0,11,87,7.91,0,73,42,532,12.67,1,0,0,1,,,68,109.9,112.9,88.9,,59,
179,Mack Hollins,NWE,WR,32,15,13,0,0,0,0,0,1,4,4,0,65,46,550,11.96,2,1,0,2,,,67,113.4,116.4,90.4,,60,
180,Sam LaPorta,DET,TE,24,9,9,0,0,0,0,0,0,0,,0,49,40,489,12.23,3,0,0,3,,,67,106.9,109.9,86.9,,26,
181,Tyjae Spears,TEN,RB,24,13,1,0,0,0,0,0,72,283,3.93,2,50,45,264,5.87,0,0,0,2,,,67,111.7,117.7,89.2,,54,
182,Michael Carter,ARI,RB,26,13,5,0,0,0,0,0,92,333,3.62,1,45,33,267,8.09,0,0,0,1,,,66,99,105,82.5,,55,
183,DeMario Douglas,NWE,WR,25,17,0,0,0,0,0,0,7,21,3,0,46,31,447,14.42,3,0,0,3,,,65,95.8,98.8,80.3,,61,
184,Darren Waller,MIA,TE,33,9,3,0,0,0,0,0,1,4,4,0,34,24,283,11.79,6,0,0,6,,,65,88.7,91.7,76.7,,27,
185,Keon Coleman,BUF,WR,22,13,6,0,0,0,0,0,0,0,,0,59,38,404,10.63,4,1,1,4,1,,64,102.4,106.4,83.4,,62,
186,Tez Johnson,TAM,WR,23,16,8,0,0,0,0,0,7,22,3.14,0,44,28,322,11.5,5,0,0,5,,,64,92.4,95.4,78.4,,63,
187,Garrett Wilson,NYJ,WR,25,7,7,0,0,0,0,0,0,0,,0,59,36,395,10.97,4,1,0,4,,,64,99.5,102.5,81.5,,64,
188,Xavier Hutchinson,HOU,WR,25,17,6,0,0,0,0,0,3,22,7.33,0,57,35,428,12.23,3,0,0,3,,,63,98,101,80.5,,65,
189,Cade Otton,TAM,TE,26,16,16,0,0,0,0,0,0,0,,0,81,59,572,9.69,1,0,0,1,,,63,122.2,125.2,92.7,,28,
190,T.J. Hockenson,MIN,TE,28,15,15,0,0,0,0,0,1,0,0,0,66,51,438,8.59,3,0,0,3,,,62,112.8,115.8,87.3,,29,
191,Darius Slayton,NYG,WR,28,14,12,0,0,0,0,0,0,0,,0,63,37,538,14.54,1,1,1,1,2,,62,98.8,102.8,80.3,,66,
192,Tyquan Thornton,KAN,WR,25,14,4,0,0,0,0,0,0,0,,0,37,19,438,23.05,3,0,0,3,,,62,80.8,83.8,71.3,,67,
193,Samaje Perine,CIN,RB,30,15,2,0,0,0,0,0,84,382,4.55,3,21,17,87,5.12,0,3,2,3,,,61,77.9,82.9,69.4,,56,
194,Isaac TeSlaa,DET,WR,23,17,3,0,0,0,0,0,0,0,,0,27,16,239,14.94,6,0,0,6,,,60,75.9,78.9,67.9,,68,
195,Tyrod Taylor,NYJ,QB,36,6,4,80,134,779,5,5,27,143,5.3,1,0,0,0,,0,1,1,1,,,59,59.5,71.5,64.5,,42,
196,Jake Tonges,SFO,TE,26,17,2,0,0,0,0,0,0,0,,0,46,34,293,8.62,5,0,0,5,,,59,93.3,96.3,76.3,,30,
197,KaVontae Turpin*,DAL,WR,29,15,2,0,0,0,0,0,17,89,5.24,0,38,26,396,15.23,2,1,1,2,,,59,84.5,88.5,71.5,,69,
198,Jalen Coker,CAR,WR,24,11,3,0,0,0,0,0,0,0,,0,43,33,394,11.94,3,1,1,3,1,,57,90.4,94.4,73.9,,70,
199,Andrei Iosivas,CIN,WR,26,17,9,0,0,0,0,0,3,14,4.67,0,58,33,435,13.18,2,0,0,2,,,57,89.9,92.9,73.4,,71,
200,Marvin Mims,DEN,WR,23,15,4,0,0,0,0,0,12,78,6.5,1,51,37,322,8.7,1,2,1,3,,,56,93,97,74.5,,72,
201,Calvin Austin III,PIT,WR,26,14,7,0,0,0,0,0,0,0,,0,55,31,372,12,3,0,0,3,,,55,86.2,89.2,70.7,,73,
202,Kendrick Bourne,SFO,WR,30,16,8,0,0,0,0,0,0,0,,0,53,37,551,14.89,0,0,0,0,,,55,92.1,95.1,73.6,,74,
203,Mike Evans,TAM,WR,32,8,8,0,0,0,0,0,0,0,,0,62,30,368,12.27,3,0,0,3,,,55,84.8,87.8,69.8,,76,
204,Adonai Mitchell,2TM,WR,23,16,5,0,0,0,0,0,1,-4,-4,0,74,33,453,13.73,2,1,1,2,,,55,87.9,91.9,71.4,,75,
205,Brian Robinson Jr.,SFO,RB,26,17,0,0,0,0,0,0,92,400,4.35,2,12,8,25,3.13,0,0,0,2,,,55,62.5,65.5,58.5,,58,
206,Dylan Sampson,CLE,RB,21,15,2,0,0,0,0,0,65,175,2.69,0,40,33,271,8.21,2,1,1,2,,,55,87.6,94.6,71.1,,57,
207,Ray Davis+,BUF,RB,26,17,0,0,0,0,0,0,58,275,4.74,0,13,10,86,8.6,2,0,0,3,,,54,64.1,67.1,59.1,,59,
208,Xavier Legette,CAR,WR,24,15,12,0,0,0,0,0,1,0,0,0,64,35,363,10.37,3,1,0,3,,,54,89.3,92.3,71.8,,77,
209,Evan Engram,DEN,TE,31,16,2,0,0,0,0,0,1,7,7,0,76,50,461,9.22,1,0,0,1,,,53,102.8,105.8,77.8,,32,
210,David Njoku,CLE,TE,29,12,11,0,0,0,0,0,0,0,,0,48,33,293,8.88,4,0,0,4,,,53,86.3,89.3,69.8,,31,
211,Ricky Pearsall,SFO,WR,25,9,9,0,0,0,0,0,2,-2,-1,0,53,36,528,14.67,0,0,0,0,,,53,88.6,91.6,70.6,,78,
212,Tory Horton,SEA,WR,23,8,3,0,0,0,0,0,0,0,,0,22,13,161,12.38,5,0,0,6,,,52,65.1,68.1,58.6,,79,
213,Tank Bigsby,2TM,RB,24,17,1,0,0,0,0,0,63,356,5.65,2,4,3,32,10.67,0,0,0,2,,,51,53.8,56.8,52.3,,60,
214,Malik Willis,GNB,QB,26,4,1,30,35,422,3,0,22,123,5.59,2,0,0,0,,0,2,1,2,,,51,51.2,58.2,51.2,,43,
215,Isaiah Davis,NYJ,RB,23,16,0,0,0,0,0,0,43,236,5.49,1,28,21,186,8.86,0,0,0,1,1,,50,71.2,77.2,60.7,,61,
216,Chris Godwin,TAM,WR,29,9,6,0,0,0,0,0,0,0,,0,51,33,360,10.91,2,0,0,2,1,,50,83,86,66.5,,81,
217,Darnell Mooney,ATL,WR,28,15,15,0,0,0,0,0,0,0,,0,72,32,443,13.84,1,2,0,1,,,50,82.3,85.3,66.3,,80,
218,Russell Wilson,NYG,QB,37,6,3,69,119,831,3,3,18,106,5.89,0,0,0,0,,0,3,0,0,,,50,49.8,58.8,52.8,,44,
219,Jake Browning,CIN,QB,29,5,3,81,125,771,6,8,9,39,4.33,1,0,0,0,,0,1,0,1,,,49,48.7,59.7,56.7,,45,
220,Cole Kmet,CHI,TE,26,16,15,0,1,0,0,0,0,0,,0,48,30,347,11.57,2,0,0,2,1,,49,78.7,81.7,63.7,,33,
221,Gunnar Helm,TEN,TE,23,16,10,0,0,0,0,0,0,0,,0,55,44,357,8.11,2,0,0,2,,,48,91.7,94.7,69.7,,34,
222,Jeremy McNichols,WAS,RB,30,17,1,0,0,0,0,0,44,221,5.02,1,31,25,196,7.84,0,1,1,1,1,,48,72.7,79.7,60.2,,62,
223,Ollie Gordon,MIA,RB,21,17,1,0,0,0,0,0,70,199,2.84,3,9,7,32,4.57,1,0,0,4,,,47,54.1,57.1,50.6,,63,
224,Jonnu Smith,PIT,TE,30,17,7,0,0,0,0,0,9,70,7.78,1,54,38,222,5.84,2,1,0,3,,,47,85.2,88.2,66.2,,35,
225,Greg Dortch,ARI,WR,27,12,3,0,0,0,0,0,7,15,2.14,1,33,29,206,7.1,3,1,0,4,,,46,75.1,78.1,60.6,,82,
226,Tyler Higbee,LAR,TE,32,10,8,0,0,0,0,0,0,0,,0,36,25,281,11.24,3,0,0,3,,,46,71.1,74.1,58.6,,36,
227,Keaton Mitchell,BAL,RB,23,13,0,0,0,0,0,0,59,341,5.78,1,12,9,63,7,0,1,0,1,,,46,55.4,58.4,50.9,,64,
228,Dontayvion Wicks,GNB,WR,24,14,7,0,0,0,0,0,1,6,6,0,46,30,332,11.07,2,0,0,2,,,46,75.8,78.8,60.8,,83,
229,Olamide Zaccheaus,CHI,WR,28,16,5,0,0,0,0,0,4,25,6.25,0,65,39,313,8.03,2,0,0,2,,,46,84.8,87.8,65.3,,84,
230,Emari Demercado,ARI,RB,26,13,0,0,0,0,0,0,44,312,7.09,0,20,13,101,7.77,1,1,1,1,,,45,58.3,65.3,51.8,,65,
231,DeAndre Hopkins,BAL,WR,33,17,3,0,0,0,0,0,0,0,,0,39,22,330,15,2,0,0,2,,,45,67,70,56,,85,
232,Mason Taylor,NYJ,TE,21,13,11,0,0,0,0,0,0,0,,0,65,44,369,8.39,1,0,0,1,1,,45,88.9,91.9,66.9,,37,
233,Pat Bryant,DEN,WR,23,15,7,0,0,0,0,0,0,0,,0,49,31,378,12.19,1,0,0,1,,,44,74.8,77.8,59.3,,86,
234,Justice Hill,BAL,RB,28,10,0,0,0,0,0,0,18,93,5.17,2,27,21,169,8.05,1,1,0,3,,,44,65.2,68.2,54.7,,66,
235,Mike Gesicki,CIN,TE,30,13,2,0,0,0,0,0,0,0,,0,42,28,307,10.96,2,0,0,2,,,43,70.7,73.7,56.7,,38,
236,Devin Neal,NOR,RB,22,10,3,0,0,0,0,0,57,206,3.61,2,19,17,104,6.12,0,0,0,2,,,43,60,66,51.5,,68,
237,Kalif Raymond,DET,WR,31,15,3,0,0,0,0,0,2,19,9.5,0,30,24,289,12.04,1,0,0,2,,,43,66.8,69.8,54.8,,88,
238,Sterling Shepard,TAM,WR,32,13,2,0,0,0,0,0,4,19,4.75,0,53,39,371,9.51,1,1,1,1,,,43,82,86,62.5,,87,
239,Jaylen Wright,MIA,RB,22,10,1,0,0,0,0,0,70,288,4.11,2,9,5,44,8.8,0,2,1,2,,,43,48.2,52.2,45.7,,67,
240,Jaylin Noel,HOU,WR,23,17,3,0,0,0,0,0,6,12,2,0,35,26,292,11.23,2,0,0,2,,,42,68.4,71.4,55.4,,89,
241,Darnell Washington,PIT,TE,24,16,13,0,0,0,0,0,0,0,,0,43,31,364,11.74,1,2,1,1,1,,42,73.4,77.4,57.9,,39,
242,Jameis Winston,NYG,QB,31,3,2,37,66,567,2,2,7,23,3.29,1,1,1,33,33,1,1,1,2,,,42,43.3,49.3,44.8,,46,
243,Daniel Bellinger,NYG,TE,25,16,10,0,0,0,0,0,0,0,,0,26,19,286,15.05,2,0,0,2,,,41,59.6,62.6,50.1,,42,
244,Noah Fant,CIN,TE,28,15,7,0,0,0,0,0,0,0,,0,41,34,288,8.47,3,3,3,3,,,41,74.8,80.8,57.8,,41,
245,Terrance Ferguson,LAR,TE,22,14,3,0,0,0,0,0,1,0,0,0,25,11,231,21,3,0,0,3,,,41,52.1,55.1,46.6,,40,
246,Matthew Golden,GNB,WR,22,14,5,0,0,0,0,0,10,49,4.9,0,44,29,361,12.45,0,0,0,0,,,41,70,73,55.5,,92,
247,Van Jefferson,TEN,WR,29,16,7,0,0,0,0,0,0,0,,0,52,29,350,12.07,1,0,0,1,,,41,70,73,55.5,,93,
248,Tyler Lockett,2TM,WR,33,17,2,0,0,0,0,0,0,0,,0,55,32,291,9.09,1,0,0,2,,,41,73.1,76.1,57.1,,91,
249,JuJu Smith-Schuster,KAN,WR,29,17,12,0,0,0,0,0,0,0,,0,45,33,345,10.45,1,0,0,1,,,41,73.5,76.5,57,,94,
250,Devaughn Vele,NOR,WR,28,13,7,0,0,0,0,0,0,0,,0,39,25,293,11.72,2,0,0,2,,,41,66.3,69.3,53.8,,90,
251,Tyler Huntley,BAL,QB,27,5,2,52,67,426,2,0,24,151,6.29,0,0,0,0,,0,0,0,0,,,40,40.1,46.1,40.1,,47,
252,Luke McCaffrey,WAS,WR,24,9,0,0,0,0,0,0,0,0,,0,15,11,203,18.45,3,0,0,3,1,,40,51.3,54.3,45.8,,95,
253,Josh Oliver,MIN,TE,28,15,7,0,0,0,0,0,0,0,,0,19,15,160,10.67,4,0,0,4,,,40,55,58,47.5,,43,
254,Davis Allen,LAR,TE,24,17,5,0,0,0,0,0,0,0,,0,33,24,208,8.67,3,0,0,3,,,39,62.8,65.8,50.8,,44,
255,Malik Davis,DAL,RB,27,10,0,0,0,0,0,0,52,250,4.81,2,5,2,16,8,0,0,0,2,,,39,40.6,43.6,39.6,,69,
256,Tre Harris,LAC,WR,23,17,10,0,0,0,0,0,2,10,5,0,43,30,324,10.8,1,0,0,1,,,39,69.4,72.4,54.4,,96,
257,Michael Mayer,LVR,TE,24,13,12,0,0,0,0,0,0,0,,0,50,35,328,9.37,1,1,0,1,,,39,73.8,76.8,56.3,,45,
258,John Metchie,2TM,WR,25,16,7,0,0,0,0,0,3,-5,-1.67,0,48,33,274,8.3,2,0,0,2,,,39,71.9,74.9,55.4,,100,
259,Malik Nabers,NYG,WR,22,4,4,0,0,0,0,0,0,0,,0,35,18,271,15.06,2,0,0,2,,,39,57.1,60.1,48.1,,98,
260,Cedric Tillman,CLE,WR,25,13,10,0,0,0,0,0,0,0,,0,39,21,270,12.86,2,0,0,2,,,39,60,63,49.5,,99,
261,Kyle Williams,NWE,WR,23,17,0,0,0,0,0,0,2,3,1.5,0,21,10,209,20.9,3,0,0,3,,,39,49.2,52.2,44.2,,97,
262,Austin Hooper,NWE,TE,31,16,6,0,0,0,0,0,0,0,,0,26,21,263,12.52,2,0,0,2,,,38,59.3,62.3,48.8,,46,
263,Brashard Smith,KAN,RB,22,17,1,0,0,0,0,0,44,151,3.43,0,35,25,172,6.88,1,1,0,1,,,38,63.3,69.3,50.8,,70,
264,Isaiah Bond,CLE,WR,21,16,2,0,0,0,0,0,5,29,5.8,0,44,18,338,18.78,0,0,0,0,,,37,54.7,57.7,45.7,,101,
265,Greg Dulcich,MIA,TE,25,10,3,0,0,0,0,0,1,-7,-7,0,33,26,335,12.88,1,1,1,1,,,37,62.8,66.8,49.8,,48,
266,Jackson Hawes,BUF,TE,25,17,8,0,0,0,0,0,0,0,,0,19,16,187,11.69,3,0,0,3,,,37,52.7,55.7,44.7,,49,
267,Tim Patrick,JAX,WR,32,16,3,0,0,0,0,0,0,0,,0,24,15,187,12.47,3,0,0,3,,,37,51.7,54.7,44.2,,102,
268,Tommy Tremble,CAR,TE,25,17,16,0,0,0,0,0,0,0,,0,37,27,249,9.22,2,0,0,2,,,37,63.9,66.9,50.4,,47,
269,Rashod Bateman,BAL,WR,26,13,12,0,0,0,0,0,0,0,,0,38,19,224,11.79,2,0,0,2,1,,36,55.4,58.4,45.9,,103,
270,Audric Estime,NOR,RB,22,7,1,0,0,0,0,0,46,198,4.3,1,13,12,103,8.58,0,0,0,1,,,36,48.1,54.1,42.1,,71,
271,Travis Hunter,JAX,WR,22,7,4,0,0,0,0,0,1,0,0,0,45,28,298,10.64,1,1,0,1,,,36,63.8,66.8,49.8,,105,
272,Demarcus Robinson,SFO,WR,31,14,2,0,0,0,0,0,1,6,6,0,35,22,276,12.55,1,0,0,1,1,,36,58.2,61.2,47.2,,104,
273,Isaiah Likely,BAL,TE,25,14,7,0,0,0,0,0,0,0,,0,36,27,307,11.37,1,2,1,1,,,35,61.7,65.7,48.2,,50,
274,Tyreek Hill,MIA,WR,31,4,4,0,0,0,0,0,0,0,,0,29,21,265,12.62,1,0,0,1,,,33,53.5,56.5,43,,108,
275,Kyle Juszczyk*+,SFO,FB,34,17,17,0,0,0,0,0,2,-3,-1.5,0,28,24,213,8.88,2,0,0,2,,,33,57,60,45,,72,
276,Jaylin Lane,WAS,WR,23,15,4,0,0,0,0,0,1,7,7,0,32,16,225,14.06,0,3,1,2,,,33,49.2,53.2,41.2,,106,
277,Isaiah Williams,NYJ,WR,24,15,2,0,1,0,0,0,3,34,11.33,0,36,26,193,7.42,0,1,1,2,,,33,58.7,62.7,45.7,,107,
278,Jahan Dotson,PHI,WR,25,17,10,0,0,0,0,0,0,0,,0,36,18,262,14.56,1,0,0,1,,,32,50.2,53.2,41.2,,109,
279,Quinn Ewers,MIA,QB,22,4,3,55,83,622,3,3,8,19,2.38,0,1,1,-6,-6,0,3,0,0,,,32,33.2,39.2,35.7,,48,
280,Philip Rivers,IND,QB,44,3,3,58,92,544,4,3,2,-1,-0.5,0,0,0,0,,0,2,0,0,,,32,31.7,37.7,34.7,,49,
281,Devontez Walker,BAL,WR,24,12,3,0,0,0,0,0,0,0,,0,8,6,136,22.67,3,0,0,3,,,32,37.6,40.6,34.6,,110,
282,Taysom Hill,NOR,TE,35,13,5,2,6,57,1,0,52,114,2.19,1,16,11,91,8.27,0,3,1,1,,,31,41.8,45.8,36.3,,51,
283,Tyrell Shavers,BUF,WR,26,17,9,0,0,0,0,0,0,0,,0,23,15,245,16.33,1,0,0,1,,,31,45.5,48.5,38,,112,
284,David Sills V,ATL,WR,29,17,4,0,0,0,0,0,0,0,,0,36,18,191,10.61,2,0,0,2,,,31,49.1,52.1,40.1,,111,
285,Mitchell Trubisky,BUF,QB,31,4,0,25,35,313,4,0,9,6,0.67,0,0,0,0,,0,0,0,0,,1,31,31.1,34.1,31.1,,50,
286,Dyami Brown,JAX,WR,26,14,6,0,0,0,0,0,6,30,5,0,37,20,227,11.35,1,1,1,1,,,30,49.7,53.7,39.7,,117,
287,Christian Kirk,HOU,WR,29,13,3,0,0,0,0,0,0,0,,0,52,28,239,8.54,1,0,0,1,,,30,57.9,60.9,43.9,,116,
288,Josh Palmer,BUF,WR,26,12,8,0,0,0,0,0,0,0,,0,37,22,303,13.77,0,0,0,0,,,30,52.3,55.3,41.3,,113,
289,Jayden Reed,GNB,WR,25,7,3,0,0,0,0,0,3,28,9.33,0,22,19,207,10.89,1,0,0,1,,,30,48.5,51.5,39,,118,
290,Calvin Ridley,TEN,WR,31,7,6,0,0,0,0,0,0,0,,0,36,17,303,17.82,0,0,0,0,,,30,47.3,50.3,38.8,,114,
291,Xavier Smith,LAR,WR,28,16,3,0,0,0,0,0,0,0,,0,24,18,303,16.83,0,0,0,0,,,30,48.3,51.3,39.3,,115,
292,Mitchell Evans,CAR,TE,22,17,10,0,0,0,0,0,1,1,1,0,25,19,171,9,2,0,0,2,,,29,48.2,51.2,38.7,,52,
293,Tanner Hudson,CIN,TE,31,15,1,0,0,0,0,0,0,0,,0,24,19,168,8.84,2,0,0,2,,,29,47.8,50.8,38.3,,53,
294,Riley Leonard,IND,QB,23,5,1,39,67,415,2,3,6,27,4.5,2,0,0,-3,,0,2,2,2,,,29,29,37,32,,51,
295,Brandin Cooks,2TM,WR,32,15,5,0,0,0,0,0,0,0,,0,36,24,279,11.63,0,0,0,0,,,28,51.9,54.9,39.9,,120,
296,Brady Cook,NYJ,QB,24,5,4,88,153,739,2,7,13,49,3.77,0,0,0,0,,0,3,1,0,,1,28,28.5,39.5,35.5,,52,
297,Elijah Higgins,ARI,TE,25,17,10,0,0,0,0,0,0,0,,0,37,30,301,10.03,0,1,1,0,,,28,58.1,62.1,43.1,,54,
298,Kendre Miller,NOR,RB,23,7,0,0,0,0,0,0,47,193,4.11,1,5,5,30,6,0,0,0,1,,,28,33.3,36.3,30.8,,73,
299,Chris Moore,WAS,WR,32,14,5,0,0,0,0,0,1,9,9,0,23,11,207,18.82,1,0,0,1,,,28,38.6,41.6,33.1,,121,
300,Jalen Tolbert,DAL,WR,26,13,8,0,0,0,0,0,0,0,,0,34,18,203,11.28,1,0,0,1,1,,28,46.3,49.3,37.3,,119,
301,Jaleel McLaughlin,DEN,RB,25,8,1,0,0,0,0,0,37,187,5.05,1,6,4,27,6.75,0,0,0,1,,,27,31.4,34.4,29.4,,74,
302,Roman Wilson,PIT,WR,24,13,4,0,0,0,0,0,0,0,,0,21,12,166,13.83,2,1,1,2,,,27,38.6,42.6,32.6,,122,
303,Tyler Johnson,NYJ,WR,27,12,5,0,0,0,0,0,0,0,,0,18,12,197,16.42,1,0,0,1,,,26,37.7,40.7,31.7,,123,
304,Charlie Kolar,BAL,TE,26,17,7,0,0,0,0,0,0,0,,0,15,10,142,14.2,2,0,0,2,,,26,36.2,39.2,31.2,,55,
305,Adam Trautman,DEN,TE,28,17,12,0,0,0,0,0,0,0,,0,23,20,195,9.75,1,0,0,1,,,26,45.5,48.5,35.5,,56,
306,Tutu Atwell,LAR,WR,26,10,4,0,0,0,0,0,0,0,,0,15,6,192,32,1,0,0,1,,,25,31.2,34.2,28.2,,124,
307,James Conner,ARI,RB,30,3,3,0,0,0,0,0,32,95,2.97,1,9,8,38,4.75,1,1,0,2,,,25,33.3,33.3,29.3,,75,
308,Luke Musgrave,GNB,TE,25,17,10,0,0,0,0,0,0,0,,0,31,24,252,10.5,0,1,0,0,,,25,49.2,52.2,37.2,,57,
309,Ja'Tavion Sanders,CAR,TE,22,13,5,0,0,0,0,0,0,0,,0,34,29,190,6.55,1,0,0,1,,,25,54,57,39.5,,58,
310,Zavier Scott,MIN,RB,26,16,0,0,0,0,0,0,32,114,3.56,0,16,14,98,7,1,2,1,1,,,25,39.2,43.2,32.2,,76,
311,Connor Heyward,PIT,TE,26,17,2,0,0,0,0,0,15,43,2.87,2,4,3,21,7,1,0,0,3,,,24,27.4,27.4,25.9,,59,
312,Josh Johnson,WAS,QB,39,5,2,34,54,372,1,2,12,55,4.58,1,0,0,0,,0,2,1,1,,,24,24.4,30.4,26.4,,53,
313,Hunter Luepke,DAL,RB,25,17,5,0,0,0,0,0,16,71,4.44,0,15,13,109,8.38,1,0,0,1,,,24,37,40,30.5,,77,
314,Gunner Olszewski,NYG,WR,29,16,1,1,2,33,1,0,0,0,,0,13,10,145,14.5,1,1,1,1,,,24,33.8,37.8,28.8,,125,
315,Jeremy Ruckert,NYJ,TE,25,17,15,0,0,0,0,0,0,0,,0,29,23,179,7.78,1,0,0,1,,,24,46.9,49.9,35.4,,60,
316,Mitchell Tinsley,CIN,WR,26,17,4,0,0,0,0,0,0,0,,0,24,8,116,14.5,2,0,0,2,,,24,31.6,34.6,27.6,,126,
317,Jawhar Jordan,HOU,RB,26,4,0,0,0,0,0,0,43,193,4.49,0,7,7,34,4.86,0,0,0,0,,,23,29.7,32.7,26.2,,78,
318,Jaret Patterson,LAC,RB,26,6,1,0,0,0,0,0,41,159,3.88,1,4,3,8,2.67,0,0,0,1,,,23,25.7,28.7,24.2,,79,
319,Brock Wright,DET,TE,27,11,8,0,0,0,0,0,0,0,,0,22,14,108,7.71,2,0,0,2,,,23,36.8,39.8,29.8,,61,
320,Elijah Arroyo,SEA,TE,22,13,4,0,0,0,0,0,0,0,,0,26,15,179,11.93,1,1,1,1,,,22,36.9,40.9,29.4,,62,
321,Jack Bech,LVR,WR,23,16,5,0,0,0,0,0,0,0,,0,29,20,224,11.2,0,0,0,0,,,22,42.4,45.4,32.4,,127,
322,Trey Benson,ARI,RB,23,4,1,0,0,0,0,0,29,160,5.52,0,16,13,64,4.92,0,0,0,0,,,22,35.4,38.4,28.9,,80,
323,Lil'Jordan Humphrey,2TM,WR,27,10,4,0,0,0,0,0,0,0,,0,25,13,156,12,1,0,0,1,,,22,34.6,37.6,28.1,,128,
324,Malachi Corley,CLE,WR,23,13,5,0,0,0,0,0,13,127,9.77,0,14,11,79,7.18,0,0,0,0,,,21,31.6,34.6,26.1,,131,
325,Antonio Gibson,NWE,RB,27,5,0,0,0,0,0,0,25,106,4.24,1,3,2,6,3,0,2,1,2,,,21,23.2,27.2,22.2,,81,
326,Hunter Long,JAX,TE,27,9,3,0,0,0,0,0,0,0,,0,17,12,85,7.08,2,1,0,2,,,21,32.5,32.5,26.5,,63,
327,Hunter Renfrow,CAR,WR,30,6,2,0,0,0,0,0,0,0,,0,26,15,89,5.93,2,0,0,2,,,21,35.9,35.9,28.4,,129,
328,Adam Thielen,2TM,WR,35,16,7,0,0,0,0,0,0,0,,0,35,19,186,9.79,0,0,0,0,1,,21,39.6,42.6,30.1,,132,
329,Jahdae Walker,CHI,WR,23,9,1,0,0,0,0,0,0,0,,0,10,6,87,14.5,2,0,0,2,,,21,26.7,26.7,23.7,,130,
330,Ameer Abdullah,IND,RB,32,13,0,0,0,0,0,0,14,60,4.29,1,17,16,99,6.19,0,1,1,1,,,20,35.9,36.9,27.9,,82,
331,Kevin Austin,NOR,WR,25,8,1,0,0,0,0,0,0,0,,0,23,13,140,10.77,1,0,0,1,,,20,33,36,26.5,,133,
332,Chris Brooks,GNB,RB,25,17,0,0,0,0,0,0,27,106,3.93,0,17,13,91,7,0,0,0,0,,,20,32.7,35.7,26.2,,83,
333,Elijah Moore,BUF,WR,25,9,2,0,0,0,0,0,6,24,4,1,17,9,112,12.44,0,0,0,1,,,20,28.6,31.6,24.1,,135,
334,Elijah Moore,DEN,WR,25,0,0,,,,,,,,,,,,,,,,,0,,,20,,,,,135,
335,Theo Wease,MIA,WR,24,3,0,0,0,0,0,0,0,0,,0,10,6,139,23.17,1,0,0,1,,,20,25.9,28.9,22.9,,134,
336,Jaydon Blue,DAL,RB,21,5,0,0,0,0,0,0,38,129,3.39,1,1,1,5,5,0,1,0,1,,,19,20.4,23.4,19.9,,84,
337,Treylon Burks,WAS,WR,25,8,3,0,0,0,0,0,0,0,,0,22,10,130,13,1,0,0,1,,,19,29,32,24,,136,
338,Gabe Davis,BUF,WR,26,6,5,0,0,0,0,0,0,0,,0,18,12,129,10.75,1,0,0,1,,,19,30.9,33.9,24.9,,137,
339,Luke Farrell,SFO,TE,28,17,4,0,0,0,0,0,0,0,,0,14,11,85,7.73,2,1,1,2,,,19,29.5,30.5,24,,64,
340,Miles Sanders,DAL,RB,28,4,0,0,0,0,0,0,20,117,5.85,1,8,8,30,3.75,0,1,1,1,,,19,26.7,30.7,22.7,,85,
341,Mo Alie-Cox,IND,TE,32,17,6,0,0,0,0,0,0,0,,0,20,13,117,9,1,0,0,1,,,18,30.7,33.7,24.2,,66,
342,Jerome Ford,CLE,RB,26,13,0,0,0,0,0,0,24,73,3.04,0,32,26,103,3.96,0,0,0,0,,,18,43.6,46.6,30.6,,86,
343,Noah Gray,KAN,TE,26,16,6,0,0,0,0,0,0,0,,0,37,21,178,8.48,0,0,0,0,,,18,38.8,41.8,28.3,,65,
344,Isaiah Hodgins,NYG,WR,27,7,5,0,0,0,0,0,0,0,,0,19,10,115,11.5,1,0,0,1,,,18,27.5,30.5,22.5,,143,
345,Jimmy Horn,CAR,WR,23,13,0,0,0,0,0,0,8,69,8.63,0,15,11,108,9.82,0,0,0,0,,,18,28.7,31.7,23.2,,142,
346,Zay Jones,ARI,WR,30,8,0,0,0,0,0,0,0,0,,0,18,12,183,15.25,0,0,0,0,,,18,30.3,33.3,24.3,,138,
347,Jalen McMillan,TAM,WR,24,4,2,0,0,0,0,0,1,1,1,0,15,12,178,14.83,0,0,0,0,,,18,29.9,32.9,23.9,,141,
348,Marquez Valdes-Scantling,2TM,WR,31,10,1,0,0,0,0,0,0,0,,0,29,14,120,8.57,1,1,0,1,,,18,32,35,25,,140,
349,Jordan Whittington,LAR,WR,25,17,6,0,0,0,0,0,3,12,4,0,25,18,171,9.5,0,0,0,0,,,18,36.3,39.3,27.3,,139,
350,Andrew Beck,NYJ,FB,29,17,2,0,0,0,0,0,1,5,5,0,9,6,45,7.5,2,0,0,2,,,17,23,23,20,,89,
351,Raheem Mostert,LVR,RB,33,12,0,0,0,0,0,0,22,104,4.73,0,12,12,70,5.83,0,0,0,0,,,17,29.4,32.4,23.4,,87,
352,Drew Sample,CIN,TE,29,17,12,0,0,0,0,0,1,3,3,0,20,15,106,7.07,1,0,0,1,,,17,31.9,34.9,24.4,,68,
353,Raheim Sanders,CLE,RB,23,4,1,0,0,0,0,0,27,92,3.41,1,4,3,21,7,0,0,0,1,,,17,20.3,20.3,18.8,,88,
354,Ben Sinnott,WAS,TE,23,16,3,0,0,0,0,0,0,0,,0,13,11,114,10.36,1,0,0,1,,,17,28.4,31.4,22.9,,67,
355,Tyler Badie,DEN,RB,25,16,0,0,0,0,0,0,8,23,2.88,0,31,19,141,7.42,0,0,0,0,,,16,35.4,38.4,25.9,,90,
356,John Bates,WAS,TE,28,15,11,0,0,0,0,0,0,0,,0,16,11,103,9.36,1,0,0,1,,,16,27.3,30.3,21.8,,69,
357,Julian Hill,MIA,TE,25,14,11,0,0,0,0,0,0,0,,0,20,15,140,9.33,0,0,0,0,1,,16,31,34,23.5,,70,
358,Brycen Tremayne,CAR,WR,26,16,1,0,0,0,0,0,0,0,,0,18,14,160,11.43,0,1,0,0,,,16,30,33,23,,144,
359,Savion Williams,GNB,WR,24,12,0,0,0,0,0,0,11,37,3.36,0,10,10,78,7.8,1,1,1,1,,,16,25.5,26.5,20.5,,145,
360,Rasheen Ali,BAL,RB,24,15,0,0,0,0,0,0,7,24,3.43,0,11,9,68,7.56,1,0,0,1,,,15,24.2,24.2,19.7,,91,
361,LeQuint Allen,JAX,RB,21,17,1,0,0,0,0,0,23,94,4.09,0,11,10,54,5.4,0,0,0,0,,,15,24.8,24.8,19.8,,92,
362,Ashton Dulin,IND,WR,28,12,2,0,0,0,0,0,3,44,14.67,0,10,5,106,21.2,0,0,0,0,,,15,20,23,17.5,,147,
363,Konata Mumpfield,LAR,WR,23,17,0,0,0,0,0,0,0,0,,0,23,10,92,9.2,1,0,0,1,,,15,25.2,25.2,20.2,,146,
364,Mason Rudolph,PIT,QB,30,5,1,38,52,310,2,2,7,6,0.86,0,0,0,0,,0,1,1,0,,,15,15,21,17,,54,
365,Brevyn Spann-Ford,DAL,TE,26,17,5,0,0,0,0,0,0,0,,0,13,9,90,10,1,0,0,1,,,15,24,24,19.5,,71,
366,Cody White,SEA,WR,27,10,0,0,0,0,0,0,0,0,,0,4,3,90,30,1,0,0,1,,,15,18,18,16.5,,148,
367,Grant Calcaterra,PHI,TE,27,15,6,0,0,0,0,0,0,0,,0,13,9,76,8.44,1,0,0,1,,,14,22.6,22.6,18.1,,72,
368,Efton Chism,NWE,WR,24,8,1,0,0,0,0,0,0,0,,0,3,3,75,25,1,0,0,1,,,14,16.5,16.5,15,,151,
369,C.J. Ham,MIN,FB,32,11,1,0,0,0,0,0,3,5,1.67,2,2,2,11,5.5,0,0,0,2,,,14,15.6,15.6,14.6,,95,
370,Terrell Jennings,NWE,RB,24,7,0,0,0,0,0,0,23,73,3.17,1,1,1,9,9,0,0,0,1,,,14,15.2,15.2,14.7,,93,
371,Kameron Johnson,TAM,WR,23,17,0,0,0,0,0,0,2,13,6.5,0,7,4,64,16,1,2,0,1,,,14,17.7,17.7,15.7,,150,
372,Trey Lance,LAC,QB,25,4,1,27,57,226,0,1,17,85,5,0,0,0,0,,0,1,1,0,,,14,13.5,15.5,14.5,,56,
373,Tanner McKee,PHI,QB,25,4,1,24,43,274,1,1,8,8,1,0,0,0,0,,0,0,0,0,,,14,13.8,14.8,14.8,,55,
374,Dare Ogunbowale,HOU,RB,31,17,0,0,0,0,0,0,11,25,2.27,1,13,10,76,7.6,0,1,1,1,,,14,24.1,25.1,19.1,,94,
375,Curtis Samuel,BUF,WR,29,6,0,0,0,0,0,0,0,0,,0,9,7,81,11.57,1,0,0,1,,,14,21.1,21.1,17.6,,149,
376,Dont'e Thornton,LVR,WR,23,15,8,0,0,0,0,0,0,0,,0,30,10,135,13.5,0,0,0,0,,,14,23.5,26.5,18.5,,152,
377,Braelon Allen,NYJ,RB,21,4,0,0,0,0,0,0,18,76,4.22,1,3,2,17,8.5,0,1,1,1,,,13,15.3,16.3,14.3,,96,
378,John FitzPatrick,GNB,TE,25,15,4,0,0,0,0,0,0,0,,0,15,12,72,6,1,0,0,1,,,13,25.2,25.2,19.2,,73,
379,George Holani,SEA,RB,26,11,0,0,0,0,0,0,22,73,3.32,1,2,2,15,7.5,0,1,1,1,,,13,14.8,15.8,13.8,,97,
380,Allen Lazard,NYJ,WR,30,10,2,0,0,0,0,0,0,0,,0,18,10,70,7,1,0,0,1,,,13,23,23,18,,153,
381,Luke Schoonmaker,DAL,TE,27,17,7,0,0,0,0,0,0,0,,0,23,14,132,9.43,0,0,0,0,,,13,27.2,30.2,20.2,,74,
382,Ben Skowronek*,PIT,WR,28,17,3,0,0,0,0,0,0,0,,0,6,4,69,17.25,1,0,0,1,,,13,16.9,16.9,14.9,,154,
383,Shedrick Jackson,LVR,WR,26,5,0,0,0,0,0,0,1,3,3,0,5,4,56,14,1,0,0,1,,,12,15.9,15.9,13.9,,156,
384,Quintin Morris,JAX,TE,26,14,5,0,0,0,0,0,0,0,,0,9,6,55,9.17,1,0,0,1,,,12,17.5,17.5,14.5,,75,
385,Josh Reynolds,NYJ,WR,30,5,3,0,0,0,0,0,0,0,,0,21,11,101,9.18,0,0,0,0,1,,12,23.1,26.1,17.6,,155,
386,Nate Adkins,DEN,TE,26,9,6,0,0,0,0,0,0,0,,0,11,6,48,8,1,0,0,1,,,11,16.8,16.8,13.8,,78,
387,KeAndre Lambert-Smith,LAC,WR,24,10,2,0,0,0,0,0,0,0,,0,12,5,51,10.2,1,0,0,1,,,11,16.1,16.1,13.6,,157,
388,Johnny Mundt,JAX,TE,31,16,6,0,0,0,0,0,0,0,,0,19,9,111,12.33,0,0,0,0,,,11,20.1,23.1,15.6,,77,
389,Kene Nwangwu,NYJ,RB,27,12,1,0,0,0,0,0,13,49,3.77,0,1,0,0,,0,0,0,1,,,11,10.9,10.9,10.9,,98,
390,Chris Oladokun,KAN,QB,28,3,2,35,55,235,1,0,5,18,3.6,0,0,0,0,,0,4,2,0,,,11,11.2,13.2,11.2,,57,
391,Dante Pettis,NOR,WR,30,8,0,0,0,0,0,0,0,0,,0,11,9,127,14.11,0,1,1,0,,,11,19.7,23.7,15.2,,158,
392,Jack Stoll,NOR,TE,27,15,4,0,0,0,0,0,0,0,,0,11,6,46,7.67,1,0,0,1,,,11,16.6,16.6,13.6,,79,
393,Ian Thomas,LVR,TE,29,15,10,0,0,0,0,0,0,0,,0,13,13,114,8.77,0,0,0,0,,,11,24.4,27.4,17.9,,76,
394,Jamari Thrash,CLE,WR,25,9,1,0,0,0,0,0,0,0,,0,15,10,107,10.7,0,0,0,0,,,11,20.7,23.7,15.7,,159,
395,Tylan Wallace,BAL,WR,26,14,2,0,0,0,0,0,0,0,,0,8,4,45,11.25,1,0,0,1,,,11,14.5,14.5,12.5,,160,
396,Brittain Brown,CHI,RB,28,3,0,0,0,0,0,0,5,37,7.4,1,1,0,0,,0,0,0,1,,,10,9.7,9.7,9.7,,99,
397,Tyler Conklin,LAC,TE,30,13,5,0,0,0,0,0,1,2,2,0,10,7,101,14.43,0,1,0,0,,,10,17.3,20.3,13.8,,80,
398,Andy Dalton,CAR,QB,38,4,1,25,37,293,1,1,5,-2,-0.4,0,0,0,0,,0,2,2,0,,,10,9.5,12.5,10.5,,59,
399,Will Dissly,LAC,TE,29,9,2,0,0,0,0,0,0,0,,0,16,11,97,8.82,0,0,0,0,,,10,20.7,20.7,15.2,,81,
400,DJ Giddens,IND,RB,22,9,0,0,0,0,0,0,26,96,3.69,0,2,0,0,,0,0,0,0,,,10,9.6,9.6,9.6,,101,
401,Joe Milton,DAL,QB,25,4,0,15,24,183,1,2,5,50,10,0,0,0,0,,0,1,1,0,,,10,10.3,13.3,12.3,,58,
402,Skyy Moore,SFO,WR,25,17,0,0,0,0,0,0,2,11,5.5,0,7,5,87,17.4,0,1,0,0,,,10,14.8,14.8,12.3,,161,
403,Adam Prentice,DEN,FB,28,17,3,0,0,0,0,0,10,44,4.4,0,8,6,53,8.83,0,0,0,0,,,10,15.7,15.7,12.7,,100,
404,Josh Whyle,GNB,TE,26,8,1,0,0,0,0,0,0,0,,0,6,5,36,7.2,1,0,0,1,,,10,14.6,14.6,12.1,,82,
405,Michael Bandy,DEN,WR,28,4,0,0,0,0,0,0,0,0,,0,4,4,50,12.5,1,1,1,1,,,9,13,14,11,,166,
406,Tanner Conner,MIA,TE,27,9,0,0,0,0,0,0,0,0,,0,15,9,91,10.11,0,0,0,0,,,9,18.1,18.1,13.6,,83,
407,Darius Cooper,PHI,WR,24,13,0,0,0,0,0,0,0,0,,0,11,9,92,10.22,0,0,0,0,,,9,18.2,18.2,13.7,,165,
408,Trevor Etienne,CAR,RB,21,17,0,0,0,0,0,0,20,94,4.7,0,3,3,13,4.33,0,2,1,0,,,9,11.7,12.7,10.2,,104,
409,Najee Harris,LAC,RB,27,3,0,0,0,0,0,0,15,61,4.07,0,3,3,25,8.33,0,0,0,0,,,9,11.6,11.6,10.1,,105,
410,Malik Heath,GNB,WR,25,11,0,0,0,0,0,0,0,0,,0,7,6,86,14.33,0,0,0,0,,,9,14.6,14.6,11.6,,168,
411,Phil Mafah,DAL,RB,23,1,0,0,0,0,0,0,5,18,3.6,1,2,2,11,5.5,0,0,0,1,,,9,10.9,10.9,9.9,,103,
412,David Martin-Robinson,TEN,TE,26,17,4,0,0,0,0,0,0,0,,0,6,4,30,7.5,1,0,0,1,,,9,13,13,11,,84,
413,Ryan Miller,TAM,WR,25,13,3,0,0,0,0,0,0,0,,0,4,2,34,17,1,0,0,1,,,9,11.4,11.4,10.4,,162,
414,Andrew Ogletree,IND,TE,27,15,5,0,0,0,0,0,0,0,,0,6,4,27,6.75,1,0,0,1,,,9,12.7,12.7,10.7,,85,
415,Will Shipley,PHI,RB,23,15,0,0,0,0,0,0,14,49,3.5,0,12,9,56,6.22,0,1,1,0,,,9,17.5,18.5,13,,106,
416,Mason Tipton,NOR,WR,25,14,3,0,0,0,0,0,4,18,4.5,0,17,11,76,6.91,0,1,0,0,,,9,20.4,20.4,14.9,,163,
417,Casey Washington,ATL,WR,24,7,2,0,0,0,0,0,0,0,,0,14,6,94,15.67,0,0,0,0,,,9,15.4,15.4,12.4,,164,
418,Nick Westbrook-Ikhine,MIA,WR,28,15,3,0,0,0,0,0,0,0,,0,20,11,89,8.09,0,0,0,0,,,9,19.9,19.9,14.4,,167,
419,Trayveon Williams,2TM,RB,28,7,0,0,0,0,0,0,10,36,3.6,0,9,8,55,6.88,0,0,0,0,,,9,17.1,17.1,13.1,,102,
420,Ronnie Bell,NOR,WR,25,2,0,0,0,0,0,0,0,0,,0,4,2,23,11.5,1,0,0,1,,,8,10.3,10.3,9.3,,169,
421,British Brooks,HOU,RB,26,15,2,0,0,0,0,0,17,78,4.59,0,0,0,0,,0,0,0,0,,,8,7.8,7.8,7.8,,108,
422,Noah Brown,WAS,WR,29,4,4,0,0,0,0,0,0,0,,0,10,5,83,16.6,0,0,0,0,,,8,13.3,13.3,10.8,,170,
423,Josiah Deguara,ARI,TE,28,12,2,0,0,0,0,0,0,0,,0,5,3,21,7,1,0,0,1,,,8,11.1,11.1,9.6,,86,
424,Austin Ekeler,WAS,RB,30,2,2,0,0,0,0,0,14,43,3.07,0,7,5,38,7.6,0,0,0,0,,,8,13.1,13.1,10.6,,107,
425,Kaleb Johnson,PIT,RB,22,10,0,0,0,0,0,0,28,69,2.46,0,2,1,9,9,0,1,0,0,,,8,8.8,8.8,8.3,,109,
426,Kenny Pickett,LVR,QB,27,6,2,28,45,188,1,2,5,22,4.4,0,0,0,0,,0,1,1,0,,,8,7.7,10.7,9.7,,60,
427,Cade Stover,HOU,TE,25,9,7,0,0,0,0,0,4,3,0.75,0,16,12,76,6.33,0,0,0,0,,,8,19.9,19.9,13.9,,87,
428,Cam Akers,2TM,RB,26,6,0,1,1,32,1,0,5,19,3.8,0,1,0,0,,0,0,0,0,,,7,7.2,7.2,7.2,,111,
429,Devin Culp,TAM,TE,25,13,0,0,0,0,0,0,0,0,,0,1,1,6,6,1,0,0,1,,,7,7.6,7.6,7.1,,88,
430,Corey Kiner,ARI,RB,23,4,0,0,0,0,0,0,12,58,4.83,0,3,2,15,7.5,0,0,0,0,,,7,9.3,9.3,8.3,,110,
431,Ray-Ray McCloud,2TM,WR,29,6,2,0,0,0,0,0,0,0,,0,15,7,69,9.86,0,0,0,0,,,7,13.9,13.9,10.4,,171,
432,James Proche,TEN,WR,29,9,2,0,0,0,0,0,0,0,,0,12,6,65,10.83,0,0,0,0,,,7,12.5,12.5,9.5,,173,
433,Arian Smith,NYJ,WR,24,16,5,0,0,0,0,0,4,13,3.25,0,16,7,52,7.43,0,0,0,0,,,7,13.5,13.5,10,,174,
434,Xavier Weaver,ARI,WR,25,10,2,0,0,0,0,0,0,0,,0,13,7,67,9.57,0,0,0,0,,,7,13.7,13.7,10.2,,172,
435,Ty Chandler,MIN,RB,27,3,0,0,0,0,0,0,17,47,2.76,0,4,3,11,3.67,0,0,0,0,,,6,8.8,8.8,7.3,,115,
436,AJ Dillon,PHI,RB,27,7,0,0,0,0,0,0,12,60,5,0,3,3,21,7,0,1,1,0,,,6,9.1,10.1,7.6,,112,
437,Hassan Haskins,LAC,RB,26,12,0,0,0,0,0,0,17,47,2.76,0,4,4,13,3.25,0,0,0,0,,,6,10,10,8,,114,
438,Khalil Herbert,NYJ,RB,27,7,0,0,0,0,0,0,16,52,3.25,0,4,1,4,4,0,0,0,0,,,6,6.6,6.6,6.1,,116,
439,Alec Ingold,MIA,FB,29,17,10,0,0,0,0,0,2,9,4.5,0,11,8,52,6.5,0,0,0,0,,,6,14.1,14.1,10.1,,113,
440,Charlie Jones,CIN,WR,27,14,0,0,0,0,0,0,0,0,,0,1,0,0,,0,0,0,1,,,6,6,6,6,,176,
441,Scotty Miller,PIT,WR,28,13,0,0,0,0,0,0,0,0,,0,14,9,62,6.89,0,0,0,0,,,6,15.2,15.2,10.7,,175,
442,Foster Moreau,NOR,TE,28,11,9,0,0,0,0,0,0,0,,0,10,7,59,8.43,0,0,0,0,,,6,12.9,12.9,9.4,,89,
443,Zamir White,LVR,RB,26,6,0,0,0,0,0,0,12,32,2.67,0,6,4,24,6,0,0,0,0,,,6,9.6,9.6,7.6,,117,
444,Robbie Chosen,WAS,WR,32,3,0,0,0,0,0,0,0,0,,0,9,5,53,10.6,0,0,0,0,,,5,10.3,10.3,7.8,,178,
445,Brenden Bates,2TM,TE,26,9,3,0,0,0,0,0,0,0,,0,5,4,48,12,0,0,0,0,,,5,8.8,8.8,6.8,,93,
446,Tahj Brooks,CIN,RB,23,16,0,0,0,0,0,0,16,45,2.81,0,2,1,9,9,0,0,0,0,,,5,6.4,6.4,5.9,,118,
447,Anthony Firkser,DET,TE,30,7,4,0,0,0,0,0,0,0,,0,10,8,53,6.63,0,0,0,0,,,5,13.3,13.3,9.3,,90,
448,Evan Hull,NOR,RB,25,6,0,0,0,0,0,0,19,48,2.53,0,1,1,6,6,0,0,0,0,,,5,6.4,6.4,5.9,,119,
449,Mason Kinsey,TEN,WR,27,10,0,0,0,0,0,0,0,0,,0,4,2,48,24,0,0,0,0,,,5,6.8,6.8,5.8,,179,
450,Gage Larvadain,CLE,WR,23,13,0,0,0,0,0,0,1,3,3,0,14,7,71,10.14,0,4,1,0,,,5,12.4,13.4,8.9,,177,
451,Aidan O'Connell,LVR,QB,27,1,0,10,22,102,0,0,1,7,7,0,0,0,0,,0,0,0,0,,,5,4.8,4.8,4.8,,61,
452,Ronnie Rivers,LAR,RB,26,11,0,0,0,0,0,0,9,46,5.11,0,0,0,0,,0,0,0,0,,,5,4.6,4.6,4.6,,120,
453,Eric Saubert,SEA,TE,31,11,5,0,0,0,0,0,0,0,,0,7,4,31,7.75,0,0,0,0,1,,5,9.1,9.1,7.1,,92,
454,Stone Smartt,NYJ,TE,27,15,1,0,0,0,0,0,0,0,,0,9,7,52,7.43,0,0,0,0,,,5,12.2,12.2,8.7,,91,
455,Austin Trammell,JAX,WR,27,6,0,0,0,0,0,0,0,0,,0,10,3,46,15.33,0,0,0,0,,,5,7.6,7.6,6.1,,181,
456,Charlie Woerner,ATL,TE,28,17,13,0,0,0,0,0,0,0,,0,9,8,48,6,0,0,0,0,,,5,12.8,12.8,8.8,,94,
457,Dareke Young,SEA,WR,26,9,0,0,0,0,0,0,0,0,,0,3,2,48,24,0,0,0,0,,,5,6.8,6.8,5.8,,180,
458,Braxton Berrios,HOU,WR,30,4,0,0,0,0,0,0,0,0,,0,8,6,37,6.17,0,0,0,0,,,4,9.7,9.7,6.7,,186,
459,Max Brosmer,MIN,QB,24,7,2,47,71,328,0,4,7,11,1.57,0,0,0,0,,0,2,1,0,,,4,4.2,12.2,8.2,,62,
460,Shane Buechele,KAN,QB,27,1,0,7,14,88,0,0,1,4,4,0,0,0,0,,0,0,0,0,,,4,3.9,3.9,3.9,,63,
461,Nathan Carter,ATL,RB,23,7,0,0,0,0,0,0,9,60,6.67,0,0,0,0,,0,1,1,0,,,4,4,5,4,,121,
462,Julius Chestnut,TEN,RB,25,17,0,0,0,0,0,0,11,40,3.64,0,2,0,0,,0,0,0,0,,,4,4,4,4,,122,
463,Dylan Drummond,ATL,WR,25,9,0,0,0,0,0,0,0,0,,0,11,7,42,6,0,0,0,0,,,4,11.2,11.2,7.7,,183,
464,D'Wayne Eskridge,MIA,WR,28,13,0,0,0,0,0,0,0,0,,0,7,4,62,15.5,0,1,1,0,,,4,8.2,9.2,6.2,,184,
465,Kylen Granson,PHI,TE,27,17,3,0,0,0,0,0,0,0,,0,9,7,40,5.71,0,0,0,0,,,4,11,11,7.5,,95,
466,Jalin Hyatt,NYG,WR,24,8,0,0,0,0,0,0,0,0,,0,14,5,35,7,0,0,0,0,,,4,8.5,8.5,6,,188,
467,Tom Kennedy,DET,WR,29,6,0,0,0,0,0,0,0,0,,0,4,4,36,9,0,0,0,0,,,4,7.6,7.6,5.6,,187,
468,Keleki Latu,BUF,TE,23,5,0,0,0,0,0,0,0,0,,0,4,4,35,8.75,0,0,0,0,,,4,7.5,7.5,5.5,,97,
469,Albert Okwuegbunam,LVR,TE,27,1,0,0,0,0,0,0,0,0,,0,6,5,36,7.2,0,0,0,0,,,4,8.6,8.6,6.1,,96,
470,Dameon Pierce,2TM,RB,25,5,0,0,0,0,0,0,14,36,2.57,0,1,0,0,,0,0,0,0,,,4,3.6,3.6,3.6,,123,
471,Xavier Restrepo,TEN,WR,23,2,0,0,0,0,0,0,0,0,,0,7,3,41,13.67,0,0,0,0,,,4,7.1,7.1,5.6,,185,
472,Cedrick Wilson Jr.,MIA,WR,30,10,5,0,0,0,0,0,0,0,,0,9,5,44,8.8,0,0,0,0,,,4,9.4,9.4,6.9,,182,
473,Tyson Bagent,CHI,QB,25,3,0,3,4,47,0,0,2,7,3.5,0,0,0,0,,0,1,0,0,,,3,2.6,2.6,2.6,,65,
474,Teddy Bridgewater,TAM,QB,33,4,0,8,15,62,0,0,3,4,1.33,0,0,0,0,,0,0,0,0,,,3,2.9,2.9,2.9,,64,
475,Jalen Brooks,2TM,WR,25,6,0,0,0,0,0,0,0,0,,0,6,3,51,17,0,1,1,0,,,3,6.1,7.1,4.6,,192,
476,Beaux Collins,NYG,WR,23,9,0,0,0,0,0,0,0,0,,0,6,2,25,12.5,0,0,0,0,,,3,4.5,4.5,3.5,,197,
477,Devin Duvernay,CHI,WR,28,17,0,0,0,0,0,0,0,0,,0,5,2,26,13,0,0,0,0,,,3,4.6,4.6,3.6,,195,
478,Tai Felton,MIN,WR,22,17,0,0,0,0,0,0,0,0,,0,3,3,25,8.33,0,0,0,0,,,3,5.5,5.5,4,,198,
479,Reggie Gilliam,BUF,FB,28,17,2,0,0,0,0,0,2,4,2,0,2,2,24,12,0,0,0,0,,,3,4.8,4.8,3.8,,125,
480,Tyler Goodson,IND,RB,25,11,0,0,0,0,0,0,9,24,2.67,0,3,2,8,4,0,0,0,0,,,3,5.2,5.2,4.2,,124,
481,KhaDarel Hodge,ATL,WR,30,12,1,0,0,0,0,0,0,0,,0,10,3,31,10.33,0,0,0,0,,,3,6.1,6.1,4.6,,193,
482,D'Ernest Johnson,2TM,RB,29,8,0,0,0,0,0,0,14,25,1.79,0,0,0,0,,0,0,0,0,,,3,2.5,2.5,2.5,,126,
483,Jacoby Jones,WAS,WR,24,1,0,0,0,0,0,0,0,0,,0,1,1,25,25,0,0,0,0,,,3,3.5,3.5,3,,199,
484,Velus Jones Jr.,2TM,WR,28,8,0,0,0,0,0,0,4,32,8,0,0,0,0,,0,0,0,0,,,3,3.2,3.2,3.2,,189,
485,Jonathan Mingo,DAL,WR,24,6,0,0,0,0,0,0,0,0,,0,5,1,25,25,0,0,0,0,,,3,3.5,3.5,3,,200,
486,James Mitchell,CAR,TE,26,5,0,0,0,0,0,0,0,0,,0,3,3,28,9.33,0,0,0,0,,,3,5.8,5.8,4.3,,99,
487,Nikko Remigio,KAN,WR,26,14,0,0,0,0,0,0,1,11,11,0,1,1,21,21,0,2,0,0,,,3,4.2,4.2,3.7,,190,
488,Ben Sims,2TM,TE,25,11,2,0,0,0,0,0,0,0,,0,6,3,30,10,0,0,0,0,,,3,6,6,4.5,,98,
489,Durham Smythe,CHI,TE,30,17,2,0,0,0,0,0,0,0,,0,6,4,25,6.25,0,0,0,0,,,3,6.5,6.5,4.5,,100,
490,Deven Thompkins,ATL,WR,26,7,0,0,0,0,0,0,1,5,5,0,3,3,27,9,0,0,0,0,,,3,6.2,6.2,4.7,,191,
491,Jordan Watkins,SFO,WR,23,4,0,0,0,0,0,0,0,0,,0,3,2,26,13,0,0,0,0,,,3,4.6,4.6,3.6,,196,
492,Justin Watson,HOU,WR,29,3,0,0,0,0,0,0,0,0,,0,4,3,30,10,0,0,0,0,,,3,6,6,4.5,,194,
493,Jake Bobo,SEA,WR,27,11,0,0,0,0,0,0,0,0,,0,2,2,20,10,0,0,0,0,,,2,4,4,3,,203,
494,Britain Covey,PHI,WR,28,6,0,0,0,0,0,0,0,0,,0,4,2,20,10,0,2,0,0,,,2,4,4,3,,204,
495,DeeJay Dallas,2TM,RB,27,6,0,0,0,0,0,0,3,21,7,0,1,0,0,,0,0,0,0,,,2,2.1,2.1,2.1,,128,
496,Joshua Dobbs,NWE,QB,30,4,0,7,10,65,0,0,10,-5,-0.5,0,0,0,0,,0,0,0,0,,,2,2.1,2.1,2.1,,66,
497,Clyde Edwards-Helaire,KAN,RB,26,2,0,0,0,0,0,0,7,13,1.86,0,2,2,9,4.5,0,0,0,0,,,2,4.2,4.2,3.2,,127,
498,Tucker Fisk,LAC,TE,26,10,7,0,0,0,0,0,0,0,,0,4,2,19,9.5,0,0,0,0,,,2,3.9,3.9,2.9,,103,
499,Roschon Johnson,CHI,RB,24,7,0,0,0,0,0,0,2,17,8.5,0,0,0,0,,0,0,0,0,,,2,1.7,1.7,1.7,,130,
